Model,accuracy,precision,recall,f1,roc_auc,PCA
logistic regression,0.506896551724138,0.5126890756302521,0.531904761904762,0.517172225459211,0.5111904761904762,Yes
random forest,0.46859605911330043,0.4884593704369246,0.5295238095238095,0.45943499922810266,0.5422448979591836,Yes
xgboost,0.507512315270936,0.5104683714977833,0.5528571428571428,0.5244938363902601,0.4898639455782313,Yes
logistic regression,0.5209359605911329,0.5173333529215883,0.508095238095238,0.5099510535606198,0.5345238095238095,No
random forest,0.622783251231527,0.632176295926296,0.6290476190476191,0.5652938600540284,0.6736224489795919,No
xgboost,0.9509852216748769,0.9823529411764707,0.9233333333333335,0.9480594899682775,0.9907823129251699,No
