Model,accuracy,Std. Dev.,precision,recall,f1,roc_auc
logistic regression,0.527832512315271,0.060990065185035934,0.5311659582247817,0.48380952380952386,0.5005190591222173,0.519795918367347
random forest,0.5384236453201969,0.05437890531395478,0.5166523835641483,0.48904761904761906,0.5387314806559229,0.5513265306122449
xgboost,0.5030788177339901,0.11056243178045948,0.4850949489107384,0.4661904761904762,0.4694046345811051,0.493639455782313
